<?xml version="1.0" encoding="UTF-8"?>
<preferences>
 <debug showDebugMenu="0" />
 <systemtable filter="All Interfaces">
  <columns>
   <connections preferredWidth="207" />
   <irq preferredWidth="34" />
   <name preferredWidth="420" />
   <description preferredWidth="310" />
  </columns>
 </systemtable>
 <library
   expandedCategories="Library/Memory Interfaces and Controllers/Flash,Library/Basic Functions/Configuration and Programming,Library/Basic Functions,Project,Library/Memory Interfaces and Controllers,Library,Library/Basic Functions/On Chip Memory" />
 <window width="1920" height="1020" x="0" y="0" />
</preferences>
