{
	"partitions" : [
		{
			"name" : "Top",
			"pins" : [
				{
					"name" : "SDRAM_ADDR[0]",
					"strict" : false
				},
				{
					"name" : "SDRAM_ADDR[1]",
					"strict" : false
				},
				{
					"name" : "SDRAM_ADDR[2]",
					"strict" : false
				},
				{
					"name" : "SDRAM_ADDR[3]",
					"strict" : false
				},
				{
					"name" : "SDRAM_ADDR[4]",
					"strict" : false
				},
				{
					"name" : "SDRAM_ADDR[5]",
					"strict" : false
				},
				{
					"name" : "SDRAM_ADDR[6]",
					"strict" : false
				},
				{
					"name" : "SDRAM_ADDR[7]",
					"strict" : false
				},
				{
					"name" : "SDRAM_ADDR[8]",
					"strict" : false
				},
				{
					"name" : "SDRAM_ADDR[9]",
					"strict" : false
				},
				{
					"name" : "SDRAM_ADDR[10]",
					"strict" : false
				},
				{
					"name" : "SDRAM_ADDR[11]",
					"strict" : false
				},
				{
					"name" : "SDRAM_BA[0]",
					"strict" : false
				},
				{
					"name" : "SDRAM_BA[1]",
					"strict" : false
				},
				{
					"name" : "SDRAM_CASn",
					"strict" : false
				},
				{
					"name" : "SDRAM_CSn",
					"strict" : false
				},
				{
					"name" : "SDRAM_DQM[0]",
					"strict" : false
				},
				{
					"name" : "SDRAM_DQM[1]",
					"strict" : false
				},
				{
					"name" : "SDRAM_RASn",
					"strict" : false
				},
				{
					"name" : "SDRAM_WEn",
					"strict" : false
				},
				{
					"name" : "SPI_MOSI",
					"strict" : false
				},
				{
					"name" : "SPI_SCLK",
					"strict" : false
				},
				{
					"name" : "SPI_SSn",
					"strict" : false
				},
				{
					"name" : "LED[0]",
					"strict" : false
				},
				{
					"name" : "LED[1]",
					"strict" : false
				},
				{
					"name" : "LED[2]",
					"strict" : false
				},
				{
					"name" : "LED[3]",
					"strict" : false
				},
				{
					"name" : "LED[4]",
					"strict" : false
				},
				{
					"name" : "LED[5]",
					"strict" : false
				},
				{
					"name" : "LED[6]",
					"strict" : false
				},
				{
					"name" : "LED[7]",
					"strict" : false
				},
				{
					"name" : "CONNECTED_TO_sdram_dq[0]",
					"strict" : false
				},
				{
					"name" : "CONNECTED_TO_sdram_dq[1]",
					"strict" : false
				},
				{
					"name" : "CONNECTED_TO_sdram_dq[2]",
					"strict" : false
				},
				{
					"name" : "CONNECTED_TO_sdram_dq[3]",
					"strict" : false
				},
				{
					"name" : "CONNECTED_TO_sdram_dq[4]",
					"strict" : false
				},
				{
					"name" : "CONNECTED_TO_sdram_dq[5]",
					"strict" : false
				},
				{
					"name" : "CONNECTED_TO_sdram_dq[6]",
					"strict" : false
				},
				{
					"name" : "CONNECTED_TO_sdram_dq[7]",
					"strict" : false
				},
				{
					"name" : "CONNECTED_TO_sdram_dq[8]",
					"strict" : false
				},
				{
					"name" : "CONNECTED_TO_sdram_dq[9]",
					"strict" : false
				},
				{
					"name" : "CONNECTED_TO_sdram_dq[10]",
					"strict" : false
				},
				{
					"name" : "CONNECTED_TO_sdram_dq[11]",
					"strict" : false
				},
				{
					"name" : "CONNECTED_TO_sdram_dq[12]",
					"strict" : false
				},
				{
					"name" : "CONNECTED_TO_sdram_dq[13]",
					"strict" : false
				},
				{
					"name" : "CONNECTED_TO_sdram_dq[14]",
					"strict" : false
				},
				{
					"name" : "CONNECTED_TO_sdram_dq[15]",
					"strict" : false
				},
				{
					"name" : "CLK12",
					"strict" : false
				},
				{
					"name" : "SPI_MISO",
					"strict" : false
				},
				{
					"name" : "altera_reserved_tms",
					"strict" : false
				},
				{
					"name" : "altera_reserved_tck",
					"strict" : false
				},
				{
					"name" : "altera_reserved_tdi",
					"strict" : false
				},
				{
					"name" : "altera_reserved_tdo",
					"strict" : false
				}
			]
		}
	]
}