{
	"partitions" : [
		{
			"name" : "Top",
			"pins" : [
				{
					"name" : "ras",
					"strict" : false
				},
				{
					"name" : "we",
					"strict" : false
				},
				{
					"name" : "cas",
					"strict" : false
				},
				{
					"name" : "cs",
					"strict" : false
				},
				{
					"name" : "sdram_clk",
					"strict" : false
				},
				{
					"name" : "TXD",
					"strict" : false
				},
				{
					"name" : "LS3DH_CS",
					"strict" : false
				},
				{
					"name" : "LS3DH_SPC",
					"strict" : false
				},
				{
					"name" : "LS3DH_SDI",
					"strict" : false
				},
				{
					"name" : "spi_clk",
					"strict" : false
				},
				{
					"name" : "spi_csn",
					"strict" : false
				},
				{
					"name" : "addr[11]",
					"strict" : false
				},
				{
					"name" : "addr[10]",
					"strict" : false
				},
				{
					"name" : "addr[9]",
					"strict" : false
				},
				{
					"name" : "addr[8]",
					"strict" : false
				},
				{
					"name" : "addr[7]",
					"strict" : false
				},
				{
					"name" : "addr[6]",
					"strict" : false
				},
				{
					"name" : "addr[5]",
					"strict" : false
				},
				{
					"name" : "addr[4]",
					"strict" : false
				},
				{
					"name" : "addr[3]",
					"strict" : false
				},
				{
					"name" : "addr[2]",
					"strict" : false
				},
				{
					"name" : "addr[1]",
					"strict" : false
				},
				{
					"name" : "addr[0]",
					"strict" : false
				},
				{
					"name" : "ba[1]",
					"strict" : false
				},
				{
					"name" : "ba[0]",
					"strict" : false
				},
				{
					"name" : "dqm[1]",
					"strict" : false
				},
				{
					"name" : "dqm[0]",
					"strict" : false
				},
				{
					"name" : "led[7]",
					"strict" : false
				},
				{
					"name" : "led[6]",
					"strict" : false
				},
				{
					"name" : "led[5]",
					"strict" : false
				},
				{
					"name" : "led[4]",
					"strict" : false
				},
				{
					"name" : "led[3]",
					"strict" : false
				},
				{
					"name" : "led[2]",
					"strict" : false
				},
				{
					"name" : "led[1]",
					"strict" : false
				},
				{
					"name" : "led[0]",
					"strict" : false
				},
				{
					"name" : "dio[3]",
					"strict" : false
				},
				{
					"name" : "dio[2]",
					"strict" : false
				},
				{
					"name" : "dio[1]",
					"strict" : false
				},
				{
					"name" : "dio[0]",
					"strict" : false
				},
				{
					"name" : "dq[15]",
					"strict" : false
				},
				{
					"name" : "dq[14]",
					"strict" : false
				},
				{
					"name" : "dq[13]",
					"strict" : false
				},
				{
					"name" : "dq[12]",
					"strict" : false
				},
				{
					"name" : "dq[11]",
					"strict" : false
				},
				{
					"name" : "dq[10]",
					"strict" : false
				},
				{
					"name" : "dq[9]",
					"strict" : false
				},
				{
					"name" : "dq[8]",
					"strict" : false
				},
				{
					"name" : "dq[7]",
					"strict" : false
				},
				{
					"name" : "dq[6]",
					"strict" : false
				},
				{
					"name" : "dq[5]",
					"strict" : false
				},
				{
					"name" : "dq[4]",
					"strict" : false
				},
				{
					"name" : "dq[3]",
					"strict" : false
				},
				{
					"name" : "dq[2]",
					"strict" : false
				},
				{
					"name" : "dq[1]",
					"strict" : false
				},
				{
					"name" : "dq[0]",
					"strict" : false
				},
				{
					"name" : "CLK12M",
					"strict" : false
				},
				{
					"name" : "reset_button",
					"strict" : false
				},
				{
					"name" : "SW",
					"strict" : false
				},
				{
					"name" : "LS3DH_SDO",
					"strict" : false
				},
				{
					"name" : "RXD",
					"strict" : false
				},
				{
					"name" : "altera_reserved_tms",
					"strict" : false
				},
				{
					"name" : "altera_reserved_tck",
					"strict" : false
				},
				{
					"name" : "altera_reserved_tdi",
					"strict" : false
				},
				{
					"name" : "altera_reserved_tdo",
					"strict" : false
				}
			]
		}
	]
}