{
	"system" : {
		"platform" : "windows64",
		"os_name" : "Windows 10",
		"os_version" : "10.0"
	},
	"error" : {
		"executable" : "quartus",
		"comment" : "Adding signals to signal tap and clicking insert",
		"error_message" : "Access Violation at 0X00007FFC09329617",
		"source_file" : "unknown",
		"line" : "0",
		"stack_trace" : "\t0x7ffc09329616: sld_sdr + 0x99616 (?compose_group_property@SDR_TX_SIGNAL_NODES_GEN2@@AEAAPEAVSDR_TX_GENERIC_NODE_INTERFACE@@PEAV?$vector@PEAVSDR_TX_GENERIC_NODE_INTERFACE@@V?$allocator@PEAVSDR_TX_GENERIC_NODE_INTERFACE@@@std@@@std@@@Z + 0x96)\n\t0x7ffc0932b81c: sld_sdr + 0x9b81c (?group_selected_nodes@SDR_TX_SIGNAL_NODES_GEN2@@UEAA_NPEAPEAVSDR_TX_GENERIC_NODE_INTERFACE@@@Z + 0x6c)\n\t0x7ffc0933b601: sld_sdr + 0xab601 (?group_selected_nodes@SDR_TX_TRIGGER_GEN2@@UEAA_NPEAPEAVSDR_TX_GENERIC_NODE_INTERFACE@@@Z + 0x31)\n\t0x7ffbead7a843: sld_sedq + 0x8a843 (?insert_node@SEDQ_TX_MANAGER@@QEAA_NAEBVAFCQ_INSTANCE_NAME@@@Z + 0x833)\n\t0x7ffbead7bfac: sld_sedq + 0x8bfac (?insert_nodes@SEDQ_TX_MANAGER@@QEAA_NAEBV?$QList@VAFCQ_INSTANCE_NAME@@@@@Z + 0x2dc)\n\t0x7ffbead9d66a: sld_sedq + 0xad66a (?on_node_insert_to_view@SEDQ_TX_MANAGER@@QEAAXAEBVAFCQ_INSTANCE_NAME_LIST@@@Z + 0x13a)\n\t 0x67a9c420: QtCore4 + 0x11c420 (?activate@QMetaObject@@SAXPEAVQObject@@PEBU1@HPEAPEAX@Z + 0x520)\n\t0x7ffbec570c1b: prj_unbq + 0x20c1b (?on_insert_action@UNBQ_DIALOG@@IEAAXXZ + 0xbb)\n\t 0x67a9c420: QtCore4 + 0x11c420 (?activate@QMetaObject@@SAXPEAVQObject@@PEBU1@HPEAPEAX@Z + 0x520)\n\t 0x681fc682: QtGui4 + 0x58c682 (?clicked@QAbstractButton@@IEAAX_N@Z + 0x32)\n\t 0x67fb3d9e: QtGui4 + 0x343d9e (?click@QAbstractButton@@QEAAXXZ + 0x51e)\n\t 0x67fb3a17: QtGui4 + 0x343a17 (?click@QAbstractButton@@QEAAXXZ + 0x197)\n\t 0x67fb4899: QtGui4 + 0x344899 (?mouseReleaseEvent@QAbstractButton@@MEAAXPEAVQMouseEvent@@@Z + 0x59)\n\t 0x67cd0794: QtGui4 + 0x60794 (?event@QWidget@@MEAA_NPEAVQEvent@@@Z + 0xd4)\n\t 0x67c92e95: QtGui4 + 0x22e95 (?notify_helper@QApplicationPrivate@@QEAA_NPEAVQObject@@PEAVQEvent@@@Z + 0xf5)\n\t 0x67c91a8e: QtGui4 + 0x21a8e (?notify@QApplication@@UEAA_NPEAVQObject@@PEAVQEvent@@@Z + 0x71e)\n\t 0x67a8d92b: QtCore4 + 0x10d92b (?notifyInternal@QCoreApplication@@AEAA_NPEAVQObject@@PEAVQEvent@@@Z + 0x7b)\n\t 0x67c95cfe: QtGui4 + 0x25cfe (?sendMouseEvent@QApplicationPrivate@@SA_NPEAVQWidget@@PEAVQMouseEvent@@00PEAPEAV2@AEAV?$QPointer@VQWidget@@@@_N@Z + 0x1de)\n\t 0x67cf56f0: QtGui4 + 0x856f0 (?trUtf8@QScrollBar@@SA?AVQString@@PEBD0H@Z + 0x1440)\n\t 0x67cf90b1: QtGui4 + 0x890b1 (?winMouseButtonUp@QApplication@@SAXXZ + 0x2761)\n\t0x7ffc539bbc4f: USER32 + 0xbc4f (CallWindowProcW + 0x4cf)\n\t0x7ffc539bb5ce: USER32 + 0xb5ce (DispatchMessageW + 0x1ae)\n\t 0x67ab2802: QtCore4 + 0x132802 (?processEvents@QEventDispatcherWin32@@UEAA_NV?$QFlags@W4ProcessEventsFlag@QEventLoop@@@@@Z + 0x3e2)\n\t 0x67cf0eb4: QtGui4 + 0x80eb4 (?openPopup@QApplicationPrivate@@QEAAXPEAVQWidget@@@Z + 0x204)\n\t 0x67a8a88b: QtCore4 + 0x10a88b (?exec@QEventLoop@@QEAAHV?$QFlags@W4ProcessEventsFlag@QEventLoop@@@@@Z + 0x22b)\n\t 0x67a8ce6f: QtCore4 + 0x10ce6f (?exec@QCoreApplication@@SAHXZ + 0xdf)\n\t0x7ff6f917197b: quartus + 0x197b (?qgq_main@@YAHHPEAPEBD@Z + 0x7b)\n\t0x7ffc3c272e98: CCL_MSG + 0x12e98 (?msg_main_thread@@YAPEAXPEAX@Z + 0x18)\n\t0x7ffc3c27467e: CCL_MSG + 0x1467e (?msg_thread_wrapper@@YAPEAXP6APEAXPEAX@Z0@Z + 0x6e)\n\t0x7ffc3c376660: ccl_mem + 0x16660 (?mem_thread_wrapper@@YAPEAXP6APEAXPEAX@Z0@Z + 0x70)\n\t0x7ffc3c272761: CCL_MSG + 0x12761 (?msg_exe_main@@YAHHPEAPEBDP6AHH0@Z@Z + 0xa1)\n\t0x7ff6f91724e7: quartus + 0x24e7 (WinMain + 0x127)\n\t0x7ff6f9171e58: quartus + 0x1e58 (__tmainCRTStartup + 0x148)\n\t0x7ffc53032783: KERNEL32 + 0x12783 (BaseThreadInitThunk + 0x13)\n\t0x7ffc53b50c50: ntdll + 0x50c50 (RtlUserThreadStart + 0x20)\n",
		"subsystem" : "unknown"
	},
	"quartus" : {
		"quartus_bits" : "64",
		"version" : "18.1.0",
		"build" : "625",
		"edition" : "Lite Edition"
	}
}