# Copyright (C) 2018  Intel Corporation. All rights reserved.
# Your use of Intel Corporation's design tools, logic functions 
# and other software and tools, and its AMPP partner logic 
# functions, and any output files from any of the foregoing 
# (including device programming or simulation files), and any 
# associated documentation or information are expressly subject 
# to the terms and conditions of the Intel Program License 
# Subscription Agreement, the Intel Quartus Prime License Agreement,
# the Intel FPGA IP License Agreement, or other applicable license
# agreement, including, without limitation, that your use is for
# the sole purpose of programming logic devices manufactured by
# Intel and sold by Intel or its authorized distributors.  Please
# refer to the applicable agreement for further details.

# Quartus Prime Version 18.0.0 Build 614 04/24/2018 SJ Lite Edition
# File: C:\MAX1000\Embedded_System_lab\embedded_system_lab_pinout.csv
# Generated on: Sat Jan 19 19:24:00 2019

# Note: The column header names should not be changed if you wish to import this .csv file into the Quartus Prime software.

To,Direction,Location,I/O Bank,VREF Group,I/O Standard,Reserved,Current Strength,Slew Rate,Differential Pair,Strict Preservation
altera_reserved_tck,Input,PIN_G2,1B,B1_N0,3.3-V LVTTL,,,,,
altera_reserved_tdi,Input,PIN_F5,1B,B1_N0,3.3-V LVTTL,,,,,
altera_reserved_tdo,Output,PIN_F6,1B,B1_N0,3.3-V LVTTL,,,,,
altera_reserved_tms,Input,PIN_G1,1B,B1_N0,3.3-V LVTTL,,,,,
CLK12,Input,PIN_H6,2,B2_N0,3.3-V LVTTL,,,,,
LED[7],Output,PIN_D8,8,B8_N0,3.3-V LVTTL,,,,,
LED[6],Output,PIN_C10,8,B8_N0,3.3-V LVTTL,,,,,
LED[5],Output,PIN_C9,8,B8_N0,3.3-V LVTTL,,,,,
LED[4],Output,PIN_B10,8,B8_N0,3.3-V LVTTL,,,,,
LED[3],Output,PIN_A10,8,B8_N0,3.3-V LVTTL,,,,,
LED[2],Output,PIN_A11,8,B8_N0,3.3-V LVTTL,,,,,
LED[1],Output,PIN_A9,8,B8_N0,3.3-V LVTTL,,,,,
LED[0],Output,PIN_A8,8,B8_N0,3.3-V LVTTL,,,,,
SDRAM_ADDR[13],Output,PIN_M12,3,B3_N0,3.3-V LVTTL,,,,,
SDRAM_ADDR[12],Output,PIN_L11,3,B3_N0,3.3-V LVTTL,,,,,
SDRAM_ADDR[11],Output,PIN_M10,3,B3_N0,3.3-V LVTTL,,,,,
SDRAM_ADDR[10],Output,PIN_N4,3,B3_N0,3.3-V LVTTL,,,,,
SDRAM_ADDR[9],Output,PIN_N8,3,B3_N0,3.3-V LVTTL,,,,,
SDRAM_ADDR[8],Output,PIN_M13,3,B3_N0,3.3-V LVTTL,,,,,
SDRAM_ADDR[7],Output,PIN_L10,3,B3_N0,3.3-V LVTTL,,,,,
SDRAM_ADDR[6],Output,PIN_N9,3,B3_N0,3.3-V LVTTL,,,,,
SDRAM_ADDR[5],Output,PIN_M11,3,B3_N0,3.3-V LVTTL,,,,,
SDRAM_ADDR[4],Output,PIN_N10,3,B3_N0,3.3-V LVTTL,,,,,
SDRAM_ADDR[3],Output,PIN_J8,3,B3_N0,3.3-V LVTTL,,,,,
SDRAM_ADDR[2],Output,PIN_N5,3,B3_N0,3.3-V LVTTL,,,,,
SDRAM_ADDR[1],Output,PIN_M5,3,B3_N0,3.3-V LVTTL,,,,,
SDRAM_ADDR[0],Output,PIN_K6,3,B3_N0,3.3-V LVTTL,,,,,
SDRAM_BA[1],Output,PIN_K8,3,B3_N0,3.3-V LVTTL,,,,,
SDRAM_BA[0],Output,PIN_N6,3,B3_N0,3.3-V LVTTL,,,,,
SDRAM_CASn,Output,PIN_N7,3,B3_N0,3.3-V LVTTL,,,,,
SDRAM_CKE,Output,PIN_M8,3,B3_N0,3.3-V LVTTL,,,,,
SDRAM_CLK,Output,PIN_M9,3,B3_N0,3.3-V LVTTL,,,,,
SDRAM_CSn,Output,PIN_M4,3,B3_N0,3.3-V LVTTL,,,,,
CONNECTED_TO_sdram_dq[15],Bidir,PIN_A12,6,B6_N0,3.3-V LVTTL,,,,,
CONNECTED_TO_sdram_dq[14],Bidir,PIN_B13,6,B6_N0,3.3-V LVTTL,,,,,
CONNECTED_TO_sdram_dq[13],Bidir,PIN_B12,6,B6_N0,3.3-V LVTTL,,,,,
CONNECTED_TO_sdram_dq[12],Bidir,PIN_C12,6,B6_N0,3.3-V LVTTL,,,,,
CONNECTED_TO_sdram_dq[11],Bidir,PIN_D12,6,B6_N0,3.3-V LVTTL,,,,,
CONNECTED_TO_sdram_dq[10],Bidir,PIN_E13,6,B6_N0,3.3-V LVTTL,,,,,
CONNECTED_TO_sdram_dq[9],Bidir,PIN_E12,6,B6_N0,3.3-V LVTTL,,,,,
CONNECTED_TO_sdram_dq[8],Bidir,PIN_F13,6,B6_N0,3.3-V LVTTL,,,,,
CONNECTED_TO_sdram_dq[7],Bidir,PIN_F8,6,B6_N0,3.3-V LVTTL,,,,,
CONNECTED_TO_sdram_dq[6],Bidir,PIN_G9,6,B6_N0,3.3-V LVTTL,,,,,
CONNECTED_TO_sdram_dq[5],Bidir,PIN_D9,6,B6_N0,3.3-V LVTTL,,,,,
CONNECTED_TO_sdram_dq[4],Bidir,PIN_E10,6,B6_N0,3.3-V LVTTL,,,,,
CONNECTED_TO_sdram_dq[3],Bidir,PIN_F9,6,B6_N0,3.3-V LVTTL,,,,,
CONNECTED_TO_sdram_dq[2],Bidir,PIN_F10,6,B6_N0,3.3-V LVTTL,,,,,
CONNECTED_TO_sdram_dq[1],Bidir,PIN_G10,6,B6_N0,3.3-V LVTTL,,,,,
CONNECTED_TO_sdram_dq[0],Bidir,PIN_D11,6,B6_N0,3.3-V LVTTL,,,,,
SDRAM_DQM[1],Output,PIN_F12,6,B6_N0,3.3-V LVTTL,,,,,
SDRAM_DQM[0],Output,PIN_E9,6,B6_N0,3.3-V LVTTL,,,,,
SDRAM_RASn,Output,PIN_M7,3,B3_N0,3.3-V LVTTL,,,,,
SDRAM_WEn,Output,PIN_K7,3,B3_N0,3.3-V LVTTL,,,,,
SPI_MISO,Input,PIN_K5,3,B3_N0,3.3-V LVTTL,,,,,
SPI_MOSI,Output,PIN_J7,3,B3_N0,3.3-V LVTTL,,,,,
SPI_SCLK,Output,PIN_J6,3,B3_N0,3.3-V LVTTL,,,,,
SPI_SSn,Output,PIN_L5,3,B3_N0,3.3-V LVTTL,,,,,
